"_time","Logon_Type",ComputerName,EventCode
"2026-08-14T08:49:42.000+0700",,"DESKTOP-IUKE6AK",1100
"2026-08-14T08:48:47.000+0700",,"DESKTOP-IUKE6AK",4672
"2026-08-14T08:48:47.000+0700",5,"DESKTOP-IUKE6AK",4624
"2026-08-14T08:48:47.000+0700",2,"DESKTOP-IUKE6AK",4634
"2026-08-14T08:48:47.000+0700",2,"DESKTOP-IUKE6AK",4634
"2026-08-14T08:48:47.000+0700",,"DESKTOP-IUKE6AK",4672
"2026-08-14T08:48:47.000+0700",5,"DESKTOP-IUKE6AK",4624
"2026-08-14T08:48:47.000+0700",,"DESKTOP-IUKE6AK",4672
"2026-08-14T08:48:47.000+0700",5,"DESKTOP-IUKE6AK",4624
"2026-08-14T08:48:46.000+0700",,"DESKTOP-IUKE6AK",4672
"2026-08-14T08:48:46.000+0700",5,"DESKTOP-IUKE6AK",4624
"2026-08-14T08:48:46.000+0700",,"DESKTOP-IUKE6AK",4672
"2026-08-14T08:48:46.000+0700",5,"DESKTOP-IUKE6AK",4624
"2026-08-14T08:48:46.000+0700",,"DESKTOP-IUKE6AK",4672
"2026-08-14T08:48:46.000+0700",5,"DESKTOP-IUKE6AK",4624
"2026-08-14T08:48:46.000+0700",3,"DESKTOP-IUKE6AK",4634
"2026-08-14T08:48:46.000+0700",2,"DESKTOP-IUKE6AK",4634
"2026-08-14T08:48:46.000+0700",,"DESKTOP-IUKE6AK",4798
"2026-08-14T08:48:46.000+0700",,"DESKTOP-IUKE6AK",4798
"2026-08-14T08:48:46.000+0700",,"DESKTOP-IUKE6AK",4798
"2026-08-14T08:48:46.000+0700",,"DESKTOP-IUKE6AK",4798
"2026-08-14T08:48:46.000+0700",,"DESKTOP-IUKE6AK",4798
"2026-08-14T08:48:45.000+0700",,"DESKTOP-IUKE6AK",4647
"2026-08-14T08:48:19.000+0700",,"DESKTOP-IUKE6AK",1102
"2026-08-14T08:47:21.000+0700",,"DESKTOP-IUKE6AK",4797
"2026-08-14T08:47:21.000+0700",,"DESKTOP-IUKE6AK",4797
"2026-08-14T08:47:21.000+0700",,"DESKTOP-IUKE6AK",4797
"2026-08-14T08:47:21.000+0700",,"DESKTOP-IUKE6AK",4797
"2026-08-14T08:46:28.000+0700",,"DESKTOP-IUKE6AK",4672
"2026-08-14T08:46:28.000+0700",5,"DESKTOP-IUKE6AK",4624
"2026-08-14T08:46:28.000+0700",,"DESKTOP-IUKE6AK",4672
"2026-08-14T08:46:28.000+0700",5,"DESKTOP-IUKE6AK",4624
"2026-08-14T08:46:27.000+0700",,"DESKTOP-IUKE6AK",4672
"2026-08-14T08:46:27.000+0700",5,"DESKTOP-IUKE6AK",4624
"2026-08-14T08:44:32.000+0700",,"DESKTOP-IUKE6AK",4672
"2026-08-14T08:44:32.000+0700",5,"DESKTOP-IUKE6AK",4624
"2026-08-14T08:44:30.000+0700",,"DESKTOP-IUKE6AK",4672
"2026-08-14T08:44:30.000+0700",5,"DESKTOP-IUKE6AK",4624
"2026-08-14T08:44:30.000+0700",,"DESKTOP-IUKE6AK",4798
"2026-08-14T08:44:30.000+0700",2,"DESKTOP-IUKE6AK",4634
"2026-08-14T08:44:30.000+0700",2,"DESKTOP-IUKE6AK",4634
"2026-08-14T08:44:29.000+0700",2,"DESKTOP-IUKE6AK",4634
"2026-08-14T08:44:29.000+0700",10,"DESKTOP-IUKE6AK",4634
"2026-08-14T08:44:29.000+0700",10,"DESKTOP-IUKE6AK",4634
"2026-08-14T08:44:28.000+0700",,"DESKTOP-IUKE6AK",4672
"2026-08-14T08:44:28.000+0700",,"DESKTOP-IUKE6AK",4672
"2026-08-14T08:44:28.000+0700",2,"DESKTOP-IUKE6AK",4624
"2026-08-14T08:44:28.000+0700",2,"DESKTOP-IUKE6AK",4624
"2026-08-14T08:44:28.000+0700",,"DESKTOP-IUKE6AK",4648
"2026-08-14T08:44:28.000+0700",2,"DESKTOP-IUKE6AK",4624
"2026-08-14T08:44:28.000+0700",,"DESKTOP-IUKE6AK",4648
"2026-08-14T08:44:28.000+0700",,"DESKTOP-IUKE6AK",4672
"2026-08-14T08:44:28.000+0700",10,"DESKTOP-IUKE6AK",4624
"2026-08-14T08:44:28.000+0700",10,"DESKTOP-IUKE6AK",4624
"2026-08-14T08:44:28.000+0700",,"DESKTOP-IUKE6AK",4648
"2026-08-14T08:44:27.000+0700",,"DESKTOP-IUKE6AK",4798
"2026-08-14T08:44:27.000+0700",,"DESKTOP-IUKE6AK",4672
"2026-08-14T08:44:27.000+0700",,"DESKTOP-IUKE6AK",4672
"2026-08-14T08:44:27.000+0700",2,"DESKTOP-IUKE6AK",4624
"2026-08-14T08:44:27.000+0700",2,"DESKTOP-IUKE6AK",4624
"2026-08-14T08:44:27.000+0700",,"DESKTOP-IUKE6AK",4648
"2026-08-14T08:44:27.000+0700",2,"DESKTOP-IUKE6AK",4624
"2026-08-14T08:44:27.000+0700",,"DESKTOP-IUKE6AK",4648
"2026-08-14T08:44:26.000+0700",3,"DESKTOP-IUKE6AK",4624
"2026-08-14T08:44:26.000+0700",,"DESKTOP-IUKE6AK",4672
"2026-08-14T08:44:26.000+0700",,"DESKTOP-IUKE6AK",4672
"2026-08-14T08:44:12.000+0700",3,"DESKTOP-IUKE6AK",4625
"2026-08-14T08:44:11.000+0700",3,"DESKTOP-IUKE6AK",4625
"2026-08-14T08:44:10.000+0700",3,"DESKTOP-IUKE6AK",4625
"2026-08-14T08:44:10.000+0700",3,"DESKTOP-IUKE6AK",4634
"2026-08-14T08:44:10.000+0700",3,"DESKTOP-IUKE6AK",4624
"2026-08-14T08:44:10.000+0700",,"DESKTOP-IUKE6AK",4672
"2026-08-14T08:44:10.000+0700",,"DESKTOP-IUKE6AK",4672
"2026-08-14T08:44:10.000+0700",3,"DESKTOP-IUKE6AK",4625
"2026-08-14T08:44:09.000+0700",3,"DESKTOP-IUKE6AK",4625
"2026-08-14T08:44:08.000+0700",3,"DESKTOP-IUKE6AK",4625
"2026-08-14T08:44:08.000+0700",3,"DESKTOP-IUKE6AK",4625
"2026-08-14T08:44:08.000+0700",3,"DESKTOP-IUKE6AK",4625
"2026-08-14T08:44:07.000+0700",3,"DESKTOP-IUKE6AK",4625
"2026-08-14T08:44:06.000+0700",3,"DESKTOP-IUKE6AK",4625
"2026-08-14T08:44:06.000+0700",3,"DESKTOP-IUKE6AK",4625
"2026-08-14T08:44:06.000+0700",3,"DESKTOP-IUKE6AK",4625
"2026-08-14T08:44:05.000+0700",3,"DESKTOP-IUKE6AK",4625
"2026-08-14T08:44:04.000+0700",3,"DESKTOP-IUKE6AK",4625
"2026-08-14T08:44:04.000+0700",3,"DESKTOP-IUKE6AK",4625
"2026-08-14T08:44:03.000+0700",3,"DESKTOP-IUKE6AK",4625
"2026-08-14T08:44:03.000+0700",3,"DESKTOP-IUKE6AK",4625
"2026-08-14T08:44:02.000+0700",3,"DESKTOP-IUKE6AK",4625
"2026-08-14T08:44:02.000+0700",3,"DESKTOP-IUKE6AK",4625
"2026-08-14T08:44:01.000+0700",3,"DESKTOP-IUKE6AK",4625
"2026-08-14T08:44:01.000+0700",3,"DESKTOP-IUKE6AK",4625
"2026-08-14T08:44:00.000+0700",3,"DESKTOP-IUKE6AK",4625
"2026-08-14T08:44:00.000+0700",3,"DESKTOP-IUKE6AK",4625
"2026-08-14T08:43:59.000+0700",3,"DESKTOP-IUKE6AK",4625
"2026-08-14T08:43:59.000+0700",3,"DESKTOP-IUKE6AK",4625
"2026-08-14T08:43:58.000+0700",3,"DESKTOP-IUKE6AK",4625
"2026-08-14T08:43:58.000+0700",3,"DESKTOP-IUKE6AK",4625
"2026-08-14T08:43:57.000+0700",3,"DESKTOP-IUKE6AK",4625
"2026-08-14T08:43:57.000+0700",3,"DESKTOP-IUKE6AK",4625
"2026-08-14T08:43:56.000+0700",3,"DESKTOP-IUKE6AK",4625
"2026-08-14T08:43:56.000+0700",3,"DESKTOP-IUKE6AK",4625
"2026-08-14T08:43:55.000+0700",3,"DESKTOP-IUKE6AK",4625
"2026-08-14T08:43:55.000+0700",3,"DESKTOP-IUKE6AK",4625
"2026-08-14T08:43:54.000+0700",3,"DESKTOP-IUKE6AK",4625
"2026-08-14T08:43:54.000+0700",3,"DESKTOP-IUKE6AK",4625
"2026-08-14T08:43:53.000+0700",3,"DESKTOP-IUKE6AK",4625
"2026-08-14T08:43:53.000+0700",3,"DESKTOP-IUKE6AK",4625
"2026-08-14T08:43:52.000+0700",3,"DESKTOP-IUKE6AK",4625
"2026-08-14T08:43:51.000+0700",3,"DESKTOP-IUKE6AK",4625
"2026-08-14T08:43:51.000+0700",3,"DESKTOP-IUKE6AK",4625
"2026-08-14T08:43:51.000+0700",3,"DESKTOP-IUKE6AK",4625
"2026-08-14T08:43:49.000+0700",3,"DESKTOP-IUKE6AK",4625
"2026-08-14T08:43:49.000+0700",3,"DESKTOP-IUKE6AK",4625
"2026-08-14T08:43:49.000+0700",3,"DESKTOP-IUKE6AK",4625
"2026-08-14T08:43:49.000+0700",3,"DESKTOP-IUKE6AK",4625
"2026-08-14T08:43:29.000+0700",,"DESKTOP-IUKE6AK",4672
"2026-08-14T08:43:29.000+0700",5,"DESKTOP-IUKE6AK",4624
"2026-08-14T08:43:27.000+0700",,"DESKTOP-IUKE6AK",4672
"2026-08-14T08:43:27.000+0700",5,"DESKTOP-IUKE6AK",4624
"2026-08-14T08:42:22.000+0700",3,"DESKTOP-IUKE6AK",4625
"2026-08-14T08:42:22.000+0700",3,"DESKTOP-IUKE6AK",4625
"2026-08-14T08:42:22.000+0700",3,"DESKTOP-IUKE6AK",4625
"2026-08-14T08:42:22.000+0700",,"DESKTOP-IUKE6AK",5061
"2026-08-14T08:42:22.000+0700",,"DESKTOP-IUKE6AK",5058
"2026-08-14T08:41:03.000+0700",,"DESKTOP-IUKE6AK",4672
"2026-08-14T08:41:03.000+0700",5,"DESKTOP-IUKE6AK",4624
"2026-08-14T08:40:49.000+0700",,"DESKTOP-IUKE6AK",4672
"2026-08-14T08:40:49.000+0700",5,"DESKTOP-IUKE6AK",4624
"2026-08-14T08:39:39.000+0700",,"DESKTOP-IUKE6AK",4672
"2026-08-14T08:39:39.000+0700",5,"DESKTOP-IUKE6AK",4624
"2026-08-14T08:39:34.000+0700",,"DESKTOP-IUKE6AK",4672
"2026-08-14T08:39:34.000+0700",5,"DESKTOP-IUKE6AK",4624
"2026-08-14T08:38:32.000+0700",,"DESKTOP-IUKE6AK",5061
"2026-08-14T08:38:32.000+0700",,"DESKTOP-IUKE6AK",5058
"2026-08-14T08:38:32.000+0700",,"DESKTOP-IUKE6AK",5061
"2026-08-14T08:38:32.000+0700",,"DESKTOP-IUKE6AK",5058
"2026-08-14T08:38:32.000+0700",,"DESKTOP-IUKE6AK",4672
"2026-08-14T08:38:32.000+0700",5,"DESKTOP-IUKE6AK",4624
"2026-08-14T08:38:32.000+0700",,"DESKTOP-IUKE6AK",4672
"2026-08-14T08:38:32.000+0700",5,"DESKTOP-IUKE6AK",4624
"2026-08-14T08:38:32.000+0700",,"DESKTOP-IUKE6AK",4672
"2026-08-14T08:38:32.000+0700",5,"DESKTOP-IUKE6AK",4624
"2026-08-14T08:38:16.000+0700",,"DESKTOP-IUKE6AK",4672
"2026-08-14T08:38:16.000+0700",5,"DESKTOP-IUKE6AK",4624
"2026-08-14T08:38:14.000+0700",,"DESKTOP-IUKE6AK",4672
"2026-08-14T08:38:14.000+0700",5,"DESKTOP-IUKE6AK",4624
"2026-08-14T08:38:14.000+0700",,"DESKTOP-IUKE6AK",4672
"2026-08-14T08:38:14.000+0700",5,"DESKTOP-IUKE6AK",4624
"2026-08-14T08:37:57.000+0700",,"DESKTOP-IUKE6AK",4672
"2026-08-14T08:37:57.000+0700",5,"DESKTOP-IUKE6AK",4624
"2026-08-14T08:37:57.000+0700",,"DESKTOP-IUKE6AK",4799
"2026-08-14T08:37:57.000+0700",,"DESKTOP-IUKE6AK",4799
"2026-08-14T08:37:50.000+0700",,"DESKTOP-IUKE6AK",4672
"2026-08-14T08:37:50.000+0700",5,"DESKTOP-IUKE6AK",4624
"2026-08-14T08:37:47.000+0700",,"DESKTOP-IUKE6AK",4672
"2026-08-14T08:37:47.000+0700",5,"DESKTOP-IUKE6AK",4624
"2026-08-14T08:37:45.000+0700",2,"DESKTOP-IUKE6AK",4634
"2026-08-14T08:37:45.000+0700",2,"DESKTOP-IUKE6AK",4634
"2026-08-14T08:37:45.000+0700",,"DESKTOP-IUKE6AK",4672
"2026-08-14T08:37:45.000+0700",2,"DESKTOP-IUKE6AK",4624
"2026-08-14T08:37:45.000+0700",2,"DESKTOP-IUKE6AK",4624
"2026-08-14T08:37:45.000+0700",,"DESKTOP-IUKE6AK",4648
"2026-08-14T08:37:40.000+0700",,"DESKTOP-IUKE6AK",4672
"2026-08-14T08:37:40.000+0700",5,"DESKTOP-IUKE6AK",4624
"2026-08-14T08:37:40.000+0700",,"DESKTOP-IUKE6AK",4672
"2026-08-14T08:37:40.000+0700",5,"DESKTOP-IUKE6AK",4624
"2026-08-14T08:37:40.000+0700",,"DESKTOP-IUKE6AK",4799
"2026-08-14T08:37:40.000+0700",,"DESKTOP-IUKE6AK",4799
"2026-08-14T08:37:40.000+0700",,"DESKTOP-IUKE6AK",4672
"2026-08-14T08:37:40.000+0700",5,"DESKTOP-IUKE6AK",4624
"2026-08-14T08:37:37.000+0700",,"DESKTOP-IUKE6AK",4799
"2026-08-14T08:37:37.000+0700",,"DESKTOP-IUKE6AK",4799
"2026-08-14T08:37:36.000+0700",,"DESKTOP-IUKE6AK",4799
"2026-08-14T08:37:36.000+0700",,"DESKTOP-IUKE6AK",4799
"2026-08-14T08:37:36.000+0700",,"DESKTOP-IUKE6AK",4672
"2026-08-14T08:37:36.000+0700",5,"DESKTOP-IUKE6AK",4624
"2026-08-14T08:37:35.000+0700",,"DESKTOP-IUKE6AK",4799
"2026-08-14T08:37:35.000+0700",,"DESKTOP-IUKE6AK",4799
"2026-08-14T08:37:35.000+0700",,"DESKTOP-IUKE6AK",4799
"2026-08-14T08:37:35.000+0700",,"DESKTOP-IUKE6AK",4799
"2026-08-14T08:37:35.000+0700",,"DESKTOP-IUKE6AK",4672
"2026-08-14T08:37:35.000+0700",5,"DESKTOP-IUKE6AK",4624
"2026-08-14T08:37:31.000+0700",,"DESKTOP-IUKE6AK",5024
"2026-08-14T08:37:31.000+0700",,"DESKTOP-IUKE6AK",4672
"2026-08-14T08:37:31.000+0700",5,"DESKTOP-IUKE6AK",4624
"2026-08-14T08:37:31.000+0700",,"DESKTOP-IUKE6AK",4672
"2026-08-14T08:37:31.000+0700",5,"DESKTOP-IUKE6AK",4624
"2026-08-14T08:37:31.000+0700",,"DESKTOP-IUKE6AK",4798
"2026-08-14T08:37:30.000+0700",,"DESKTOP-IUKE6AK",4799
"2026-08-14T08:37:30.000+0700",,"DESKTOP-IUKE6AK",4799
"2026-08-14T08:37:29.000+0700",,"DESKTOP-IUKE6AK",4672
"2026-08-14T08:37:29.000+0700",5,"DESKTOP-IUKE6AK",4624
"2026-08-14T08:37:29.000+0700",,"DESKTOP-IUKE6AK",4672
"2026-08-14T08:37:29.000+0700",5,"DESKTOP-IUKE6AK",4624
"2026-08-14T08:37:29.000+0700",,"DESKTOP-IUKE6AK",4672
"2026-08-14T08:37:29.000+0700",5,"DESKTOP-IUKE6AK",4624
"2026-08-14T08:37:29.000+0700",,"DESKTOP-IUKE6AK",4672
"2026-08-14T08:37:29.000+0700",5,"DESKTOP-IUKE6AK",4624
"2026-08-14T08:37:29.000+0700",,"DESKTOP-IUKE6AK",5059
"2026-08-14T08:37:29.000+0700",,"DESKTOP-IUKE6AK",5061
"2026-08-14T08:37:29.000+0700",,"DESKTOP-IUKE6AK",5058
"2026-08-14T08:37:29.000+0700",,"DESKTOP-IUKE6AK",5059
"2026-08-14T08:37:29.000+0700",,"DESKTOP-IUKE6AK",5061
"2026-08-14T08:37:29.000+0700",,"DESKTOP-IUKE6AK",5058
"2026-08-14T08:37:29.000+0700",,"DESKTOP-IUKE6AK",4799
"2026-08-14T08:37:29.000+0700",,"DESKTOP-IUKE6AK",4799
"2026-08-14T08:37:29.000+0700",,"DESKTOP-IUKE6AK",4672
"2026-08-14T08:37:29.000+0700",5,"DESKTOP-IUKE6AK",4624
"2026-08-14T08:37:29.000+0700",,"DESKTOP-IUKE6AK",4672
"2026-08-14T08:37:29.000+0700",5,"DESKTOP-IUKE6AK",4624
"2026-08-14T08:37:29.000+0700",,"DESKTOP-IUKE6AK",4672
"2026-08-14T08:37:29.000+0700",5,"DESKTOP-IUKE6AK",4624
"2026-08-14T08:37:29.000+0700",,"DESKTOP-IUKE6AK",4672
"2026-08-14T08:37:29.000+0700",5,"DESKTOP-IUKE6AK",4624
"2026-08-14T08:37:29.000+0700",,"DESKTOP-IUKE6AK",4672
"2026-08-14T08:37:29.000+0700",5,"DESKTOP-IUKE6AK",4624
"2026-08-14T08:37:29.000+0700",,"DESKTOP-IUKE6AK",4648
"2026-08-14T08:37:28.000+0700",,"DESKTOP-IUKE6AK",4672
"2026-08-14T08:37:28.000+0700",5,"DESKTOP-IUKE6AK",4624
"2026-08-14T08:37:28.000+0700",,"DESKTOP-IUKE6AK",4672
"2026-08-14T08:37:28.000+0700",5,"DESKTOP-IUKE6AK",4624
"2026-08-14T08:37:28.000+0700",,"DESKTOP-IUKE6AK",5033
"2026-08-14T08:37:28.000+0700",,"DESKTOP-IUKE6AK",4672
"2026-08-14T08:37:28.000+0700",5,"DESKTOP-IUKE6AK",4624
"2026-08-14T08:37:28.000+0700",,"DESKTOP-IUKE6AK",4672
"2026-08-14T08:37:28.000+0700",5,"DESKTOP-IUKE6AK",4624
"2026-08-14T08:37:28.000+0700",,"DESKTOP-IUKE6AK",4672
"2026-08-14T08:37:28.000+0700",5,"DESKTOP-IUKE6AK",4624
"2026-08-14T08:37:27.000+0700",,"DESKTOP-IUKE6AK",4799
"2026-08-14T08:37:27.000+0700",,"DESKTOP-IUKE6AK",4672
"2026-08-14T08:37:27.000+0700",2,"DESKTOP-IUKE6AK",4624
"2026-08-14T08:37:27.000+0700",2,"DESKTOP-IUKE6AK",4624
"2026-08-14T08:37:27.000+0700",,"DESKTOP-IUKE6AK",4648
"2026-08-14T08:37:27.000+0700",,"DESKTOP-IUKE6AK",4672
"2026-08-14T08:37:27.000+0700",5,"DESKTOP-IUKE6AK",4624
"2026-08-14T08:37:27.000+0700",,"DESKTOP-IUKE6AK",4672
"2026-08-14T08:37:27.000+0700",5,"DESKTOP-IUKE6AK",4624
"2026-08-14T08:37:27.000+0700",,"DESKTOP-IUKE6AK",4672
"2026-08-14T08:37:27.000+0700",5,"DESKTOP-IUKE6AK",4624
"2026-08-14T08:37:27.000+0700",,"DESKTOP-IUKE6AK",4672
"2026-08-14T08:37:27.000+0700",5,"DESKTOP-IUKE6AK",4624
"2026-08-14T08:37:27.000+0700",,"DESKTOP-IUKE6AK",4672
"2026-08-14T08:37:27.000+0700",5,"DESKTOP-IUKE6AK",4624
"2026-08-14T08:37:27.000+0700",,"DESKTOP-IUKE6AK",4672
"2026-08-14T08:37:27.000+0700",5,"DESKTOP-IUKE6AK",4624
"2026-08-14T08:37:27.000+0700",,"DESKTOP-IUKE6AK",4672
"2026-08-14T08:37:27.000+0700",5,"DESKTOP-IUKE6AK",4624
"2026-08-14T08:37:27.000+0700",,"DESKTOP-IUKE6AK",4672
"2026-08-14T08:37:27.000+0700",,"DESKTOP-IUKE6AK",4672
"2026-08-14T08:37:27.000+0700",2,"DESKTOP-IUKE6AK",4624
"2026-08-14T08:37:27.000+0700",2,"DESKTOP-IUKE6AK",4624
"2026-08-14T08:37:27.000+0700",,"DESKTOP-IUKE6AK",4648
"2026-08-14T08:37:26.000+0700",,"DESKTOP-IUKE6AK",4672
"2026-08-14T08:37:26.000+0700",5,"DESKTOP-IUKE6AK",4624
"2026-08-14T08:37:26.000+0700",,"DESKTOP-IUKE6AK",4672
"2026-08-14T08:37:26.000+0700",5,"DESKTOP-IUKE6AK",4624
"2026-08-14T08:37:26.000+0700",,"DESKTOP-IUKE6AK",4672
"2026-08-14T08:37:26.000+0700",5,"DESKTOP-IUKE6AK",4624
"2026-08-14T08:37:26.000+0700",2,"DESKTOP-IUKE6AK",4624
"2026-08-14T08:37:26.000+0700",,"DESKTOP-IUKE6AK",4648
"2026-08-14T08:37:26.000+0700",2,"DESKTOP-IUKE6AK",4624
"2026-08-14T08:37:26.000+0700",,"DESKTOP-IUKE6AK",4648
"2026-08-14T08:37:26.000+0700",,"DESKTOP-IUKE6AK",4902
"2026-08-14T08:37:26.000+0700",0,"DESKTOP-IUKE6AK",4624
"2026-08-14T08:37:26.000+0700",,"DESKTOP-IUKE6AK",4608
"2026-08-14T08:37:26.000+0700",,"DESKTOP-IUKE6AK",4688
"2026-08-14T08:37:26.000+0700",,"DESKTOP-IUKE6AK",4688
"2026-08-14T08:37:26.000+0700",,"DESKTOP-IUKE6AK",4688
"2026-08-14T08:37:26.000+0700",,"DESKTOP-IUKE6AK",4688
"2026-08-14T08:37:26.000+0700",,"DESKTOP-IUKE6AK",4688
"2026-08-14T08:37:26.000+0700",,"DESKTOP-IUKE6AK",4688
"2026-08-14T08:37:25.000+0700",,"DESKTOP-IUKE6AK",4688
"2026-08-14T08:37:25.000+0700",,"DESKTOP-IUKE6AK",4688
"2026-08-14T08:37:25.000+0700",,"DESKTOP-IUKE6AK",4688
"2026-08-14T08:37:24.000+0700",,"DESKTOP-IUKE6AK",4688
"2026-08-14T08:37:24.000+0700",,"DESKTOP-IUKE6AK",4826
"2026-08-14T08:37:24.000+0700",,"DESKTOP-IUKE6AK",4696
"2026-08-14T08:37:24.000+0700",,"DESKTOP-IUKE6AK",4688
